{"cameraMode":{"drawMode":0,"name":"Shaded","section":"Shading Mode"},"sceneLighting":true,"audioPlay":false,"sceneViewState":{"showFog":true,"showMaterialUpdate":false,"showSkybox":true,"showFlares":true,"showImageEffects":true,"showParticleSystems":true},"in2DMode":false,"pivot":{"x":1.5399999618530274,"y":4.349999904632568,"z":-4.039999961853027},"rotation":{"x":0.06633396446704865,"y":0.6665858626365662,"z":-0.05975895747542381,"w":0.7401036024093628},"size":14.097606658935547,"orthographic":true}