{"cameraMode":{"drawMode":0,"name":"Shaded","section":"Shading Mode"},"sceneLighting":true,"audioPlay":false,"sceneViewState":{"showFog":true,"showMaterialUpdate":false,"showSkybox":true,"showFlares":true,"showImageEffects":true,"showParticleSystems":true},"in2DMode":false,"pivot":{"x":6.884483337402344,"y":-1.0480424165725709,"z":-1.9845046997070313},"rotation":{"x":0.028058893978595735,"y":-0.7210306525230408,"z":0.029246274381875993,"w":0.691719114780426},"size":15.598623275756836,"orthographic":true}