{"cameraMode":{"drawMode":0,"name":"Shaded","section":"Shading Mode"},"sceneLighting":true,"audioPlay":false,"sceneViewState":{"showFog":true,"showMaterialUpdate":false,"showSkybox":true,"showFlares":true,"showImageEffects":true,"showParticleSystems":true},"in2DMode":false,"pivot":{"x":5.549607276916504,"y":1.0744130611419678,"z":-2.300976514816284},"rotation":{"x":0.06633396446704865,"y":0.6665858626365662,"z":-0.05975895747542381,"w":0.7401036024093628},"size":22.0,"orthographic":true}