{"cameraMode":{"drawMode":0,"name":"Shaded","section":"Shading Mode"},"sceneLighting":true,"audioPlay":false,"sceneViewState":{"showFog":true,"showMaterialUpdate":false,"showSkybox":true,"showFlares":true,"showImageEffects":true,"showParticleSystems":true},"in2DMode":false,"pivot":{"x":2.5722851753234865,"y":1.5875802040100098,"z":-2.900289535522461},"rotation":{"x":0.3144294023513794,"y":-0.30731743574142458,"z":0.10837780684232712,"w":0.8915987610816956},"size":6.427687644958496,"orthographic":true}