{"cameraMode":{"drawMode":0,"name":"Shaded","section":"Shading Mode"},"sceneLighting":true,"audioPlay":false,"sceneViewState":{"showFog":true,"showMaterialUpdate":false,"showSkybox":true,"showFlares":true,"showImageEffects":true,"showParticleSystems":true},"in2DMode":false,"pivot":{"x":5.549607276916504,"y":1.0744130611419678,"z":-2.300976514816284},"rotation":{"x":0.022267503663897516,"y":0.6019272208213806,"z":-0.016802774742245675,"w":0.7981016039848328},"size":5.5665669441223148,"orthographic":true}